nb_bumped,total_passengers,bumps_per_10k
3326,27858678,1.1938829258157908
2920,32304571,0.9038968510060078
18585,228142036,0.8146240967184145
3615,53245866,0.6789259470397194
3094,47091737,0.6570154759846722
11115,197365225,0.5631691195852765
1228,22954995,0.5349598202918363
1392,36543121,0.3809198453520158
4941,134468897,0.36744556624124014
242,12017967,0.20136517266189863
1591,197033215,0.08074780691164178
122,16577572,0.07359340680287801
